id,first_name,last_name,email,gender,ip_address
1,Katrina,Darville,kdarville0@flavors.me,Female,230.240.224.113
2,Peria,Pershouse,ppershouse1@unesco.org,Female,48.6.57.165
3,Jolee,Lovstrom,jlovstrom2@topsy.com,Female,41.38.154.206
4,Bale,Niset,bniset3@squidoo.com,Male,86.255.71.182
5,Ermina,Rubertis,erubertis4@cbc.ca,Female,137.116.139.187
6,Renae,Moulsdale,rmoulsdale5@wikimedia.org,Female,143.176.167.30
7,Catlin,Isacsson,cisacsson6@virginia.edu,Non-binary,178.123.194.125
8,Flory,Cursey,fcursey7@webeden.co.uk,Female,54.182.31.8
9,Kelly,Enever,kenever8@clickbank.net,Female,224.219.6.37
10,Libbie,Simnor,lsimnor9@altervista.org,Female,169.195.103.69
11,Osborne,Arington,oaringtona@purevolume.com,Male,179.114.48.217
12,Gibb,Rosel,groselb@instagram.com,Male,51.231.217.32
13,Tiertza,Gisburne,tgisburnec@biblegateway.com,Female,119.34.180.40
14,Shaw,Morando,smorandod@aboutads.info,Male,21.192.157.222
15,Koressa,Giraldez,kgiraldeze@cbslocal.com,Female,168.50.214.57
16,Olenolin,Kenforth,okenforthf@webs.com,Male,61.13.166.176
17,Kenna,Dockrey,kdockreyg@abc.net.au,Female,248.175.137.169
18,Alexia,O'Spillane,aospillaneh@umn.edu,Female,158.156.61.61
19,Ardine,Allred,aallredi@salon.com,Female,111.208.34.107
20,Dael,A'Barrow,dabarrowj@pagesperso-orange.fr,Male,32.212.60.230
21,Elmira,Brame,ebramek@newyorker.com,Female,87.53.84.94
22,Paulie,Ackery,packeryl@clickbank.net,Male,24.188.203.65
23,Sammie,Baccus,sbaccusm@discovery.com,Male,195.198.43.122
24,Kienan,McGann,kmcgannn@addthis.com,Male,208.126.137.135
25,Eloise,Dubber,edubbero@uiuc.edu,Female,190.248.142.73
26,Ansell,Saterthwait,asaterthwaitp@naver.com,Male,29.74.88.14
27,Eolanda,Soots,esootsq@statcounter.com,Female,59.142.171.66
28,Bobbye,Felce,bfelcer@earthlink.net,Female,109.51.126.186
29,Steffi,Featenby,sfeatenbys@typepad.com,Female,56.164.83.114
30,Merissa,Burgill,mburgillt@buzzfeed.com,Female,78.61.142.161
31,Issiah,Casini,icasiniu@google.es,Male,184.38.197.63
32,Tucky,Turbayne,tturbaynev@pinterest.com,Male,162.198.0.254
33,Micheil,Russell,mrussellw@tiny.cc,Genderqueer,236.98.123.214
34,Clemence,Gosnall,cgosnallx@cisco.com,Female,144.169.168.77
35,Culver,Gannon,cgannony@craigslist.org,Male,195.200.175.102
36,Betteann,Krolle,bkrollez@delicious.com,Female,40.246.117.156
37,Hendrick,Oakeshott,hoakeshott10@t-online.de,Male,40.54.243.37
38,Nevil,Matteini,nmatteini11@tripadvisor.com,Male,197.103.203.110
39,Madel,Amort,mamort12@latimes.com,Female,255.93.226.218
40,Mart,Danielis,mdanielis13@a8.net,Genderqueer,221.161.132.205
41,Kipp,Eversley,keversley14@tripod.com,Male,129.37.200.66
42,Udell,Moodycliffe,umoodycliffe15@wikimedia.org,Male,124.239.185.145
43,Deina,Tickner,dtickner16@webnode.com,Agender,99.138.23.130
44,Antony,Sindle,asindle17@bbb.org,Male,79.22.1.113
45,Zia,Lucock,zlucock18@wikispaces.com,Female,166.94.255.203
46,Davis,Matskiv,dmatskiv19@howstuffworks.com,Male,17.15.73.242
47,Court,Kitchingham,ckitchingham1a@reverbnation.com,Male,93.114.149.30
48,Findley,Muggach,fmuggach1b@cargocollective.com,Male,95.217.162.177
49,Alissa,Bickerdyke,abickerdyke1c@yahoo.com,Agender,232.229.121.177
50,Maisie,Markwell,mmarkwell1d@cloudflare.com,Female,198.182.9.183
51,Loralie,Panner,lpanner1e@dyndns.org,Genderfluid,161.248.250.204
52,Bryna,Tome,btome1f@pagesperso-orange.fr,Female,105.75.209.54
53,Daniele,Philpott,dphilpott1g@mapy.cz,Female,211.103.228.87
54,Odelinda,Orbon,oorbon1h@bluehost.com,Female,25.209.228.38
55,Alleyn,Harpur,aharpur1i@desdev.cn,Male,215.137.162.104
56,Dill,Stinton,dstinton1j@mediafire.com,Male,107.42.56.57
57,Fons,Twydell,ftwydell1k@squidoo.com,Agender,129.199.20.1
58,Rosamond,Pietrowski,rpietrowski1l@blinklist.com,Female,211.68.187.152
59,Kelley,Spilstead,kspilstead1m@rakuten.co.jp,Female,3.116.111.82
60,Corbin,Drance,cdrance1n@nifty.com,Male,127.9.214.15
61,Hugo,Delort,hdelort1o@cisco.com,Male,61.76.51.79
62,Manny,Gladstone,mgladstone1p@icq.com,Male,181.252.38.235
63,Leonelle,Stoate,lstoate1q@so-net.ne.jp,Female,152.6.127.5
64,Kordula,Quantrill,kquantrill1r@disqus.com,Female,193.109.165.214
65,Warren,Pechet,wpechet1s@washington.edu,Male,49.59.95.145
66,Piggy,Critchley,pcritchley1t@fotki.com,Male,244.88.153.67
67,Arline,Messent,amessent1u@cargocollective.com,Female,71.7.64.56
68,Gabriel,Sallnow,gsallnow1v@boston.com,Male,42.76.68.47
69,Waylen,Merkel,wmerkel1w@guardian.co.uk,Male,107.18.191.98
70,Francis,Tomini,ftomini1x@vistaprint.com,Non-binary,192.111.166.26
71,Grata,De Vries,gdevries1y@baidu.com,Female,64.124.208.177
72,Erin,Rainford,erainford1z@pagesperso-orange.fr,Male,33.230.123.140
73,Aluin,Raubenheim,araubenheim20@sun.com,Male,10.130.22.86
74,Pat,Parmley,pparmley21@plala.or.jp,Male,24.87.244.135
75,Neel,Byrd,nbyrd22@salon.com,Male,242.224.235.232
76,Windham,Dufaire,wdufaire23@jiathis.com,Male,135.78.248.202
77,Milli,Hogbourne,mhogbourne24@prlog.org,Female,125.130.31.110
78,Bar,Swinnerton,bswinnerton25@economist.com,Male,240.105.94.10
79,Klaus,Chastanet,kchastanet26@squarespace.com,Male,38.204.112.218
80,Shandee,Hadden,shadden27@gizmodo.com,Female,34.255.107.221
81,Adolphe,Trippitt,atrippitt28@livejournal.com,Male,56.68.212.205
82,Davina,Speariett,dspeariett29@sogou.com,Female,39.89.9.92
83,Fernando,Pawle,fpawle2a@flickr.com,Male,208.129.24.202
84,Archaimbaud,Robel,arobel2b@vimeo.com,Male,80.3.6.152
85,Joaquin,Macci,jmacci2c@facebook.com,Male,27.145.174.168
86,Iago,Taylder,itaylder2d@goo.gl,Male,31.99.207.186
87,Deva,Cotterell,dcotterell2e@state.gov,Female,209.10.30.91
88,Shirline,Hrynczyk,shrynczyk2f@marriott.com,Genderqueer,147.7.243.253
89,Ardene,Ashbolt,aashbolt2g@wikia.com,Female,169.44.107.152
90,Torrie,Cotgrave,tcotgrave2h@edublogs.org,Female,173.152.235.189
91,Kennith,Hayller,khayller2i@over-blog.com,Male,56.208.50.244
92,Haleigh,Pendrick,hpendrick2j@rediff.com,Male,238.128.135.100
93,Vannie,McDougall,vmcdougall2k@patch.com,Female,255.252.103.81
94,Hermann,Kellock,hkellock2l@ucoz.ru,Male,82.38.136.253
95,Brandon,Lassell,blassell2m@economist.com,Male,194.91.26.170
96,Arney,Trouel,atrouel2n@live.com,Male,205.140.89.146
97,Jennine,Ryott,jryott2o@bbb.org,Female,91.143.125.254
98,Katha,Tailby,ktailby2p@nytimes.com,Female,248.241.110.238
99,Leonard,Daen,ldaen2q@dropbox.com,Non-binary,189.149.246.30
100,Eran,Akaster,eakaster2r@instagram.com,Female,212.138.22.64
101,Ephrem,Krzysztof,ekrzysztof2s@scientificamerican.com,Male,103.238.32.80
102,Shellysheldon,Foxten,sfoxten2t@usnews.com,Male,255.22.41.214
103,Burlie,Jeacock,bjeacock2u@ed.gov,Male,84.186.42.47
104,Erma,Birkhead,ebirkhead2v@digg.com,Female,71.109.26.148
105,Tilly,Leverington,tleverington2w@stanford.edu,Female,224.254.242.181
106,Germana,Giacomasso,ggiacomasso2x@about.me,Female,238.179.84.207
107,Abbe,Oates,aoates2y@buzzfeed.com,Female,182.31.6.251
108,Harwell,Reynault,hreynault2z@sakura.ne.jp,Male,96.205.2.138
109,Torrey,Halt,thalt30@foxnews.com,Non-binary,216.26.209.200
110,Junia,Bernardez,jbernardez31@wix.com,Female,215.226.187.151
111,Gerhardine,Aiskrigg,gaiskrigg32@etsy.com,Female,158.241.146.1
112,Max,Dilon,mdilon33@google.pl,Male,28.168.179.241
113,Giustina,St. Paul,gstpaul34@networkadvertising.org,Female,216.123.109.72
114,Dyanne,Petrina,dpetrina35@hhs.gov,Female,8.33.152.111
115,Bliss,Opdenorth,bopdenorth36@senate.gov,Female,23.139.212.72
116,Marlon,Skinley,mskinley37@biblegateway.com,Male,192.100.50.4
117,Tamma,Warrior,twarrior38@eventbrite.com,Female,76.9.249.192
118,Peggi,Beilby,pbeilby39@nbcnews.com,Female,132.223.64.93
119,Emile,Galfour,egalfour3a@omniture.com,Polygender,191.187.2.69
120,Hervey,Cavalier,hcavalier3b@tumblr.com,Male,198.117.110.199
121,Waylin,Duckerin,wduckerin3c@fastcompany.com,Male,40.73.162.187
122,Marcelia,Borrington,mborrington3d@last.fm,Female,221.106.245.132
123,Juanita,Lamey,jlamey3e@mediafire.com,Female,42.146.100.197
124,Gwen,Velde,gvelde3f@bbb.org,Female,44.33.248.238
125,Dalli,Springell,dspringell3g@dion.ne.jp,Male,40.35.102.214
126,Laurel,Gitsham,lgitsham3h@shareasale.com,Female,82.99.35.125
127,Martie,Edel,medel3i@php.net,Male,247.2.204.58
128,Suzi,Holleworth,sholleworth3j@bigcartel.com,Female,67.240.70.8
129,Mickey,Huge,mhuge3k@washington.edu,Male,47.21.69.134
130,Tobe,Tims,ttims3l@sourceforge.net,Female,90.79.249.61
131,Abbey,O'Dare,aodare3m@stanford.edu,Female,64.124.120.31
132,Nero,Dubble,ndubble3n@addthis.com,Non-binary,133.51.129.28
133,Alfredo,Husband,ahusband3o@instagram.com,Male,13.167.14.94
134,Tobe,Follis,tfollis3p@com.com,Polygender,53.74.227.224
135,Leone,Iddenden,liddenden3q@cbc.ca,Female,57.227.53.149
136,Ava,Balthasar,abalthasar3r@cam.ac.uk,Female,181.80.116.222
137,Gwenny,Blann,gblann3s@constantcontact.com,Female,155.70.74.20
138,Nedda,Hallford,nhallford3t@harvard.edu,Female,58.4.106.37
139,Del,Vlasenkov,dvlasenkov3u@twitpic.com,Male,189.232.225.7
140,Free,Coysh,fcoysh3v@multiply.com,Male,92.10.41.173
141,Melva,Sweetland,msweetland3w@theatlantic.com,Female,97.9.92.226
142,Sanson,McClifferty,smcclifferty3x@over-blog.com,Male,218.216.233.95
143,Gypsy,Veighey,gveighey3y@sogou.com,Female,244.184.178.20
144,Shoshana,Longhirst,slonghirst3z@sina.com.cn,Female,149.123.124.131
145,Oliviero,Lowndsbrough,olowndsbrough40@aboutads.info,Male,23.117.212.17
146,Brennan,Eatock,beatock41@ebay.com,Male,46.143.229.110
147,Norry,Faire,nfaire42@google.com,Male,247.157.115.249
148,Caroljean,Pentony,cpentony43@nationalgeographic.com,Female,66.209.209.131
149,Hollyanne,Blaksland,hblaksland44@t.co,Female,140.95.183.216
150,Babbette,Copins,bcopins45@quantcast.com,Non-binary,246.18.112.194
151,Allyn,Arstingall,aarstingall46@rediff.com,Male,182.210.148.28
152,Jo-ann,Wearn,jwearn47@icq.com,Female,97.157.254.107
153,Karissa,Degli Abbati,kdegliabbati48@booking.com,Female,85.86.252.43
154,Shem,Lyford,slyford49@omniture.com,Male,114.194.206.24
155,Junette,Oliff,joliff4a@comsenz.com,Female,178.80.58.102
156,Erhart,Carletto,ecarletto4b@samsung.com,Male,206.245.63.147
157,Haze,Bengtsen,hbengtsen4c@merriam-webster.com,Male,99.203.126.125
158,Greta,Sheringham,gsheringham4d@diigo.com,Female,223.125.31.28
159,Dita,Creeghan,dcreeghan4e@xing.com,Female,141.113.160.11
160,Herby,Dessant,hdessant4f@walmart.com,Male,147.117.168.67
161,Charis,Jordison,cjordison4g@w3.org,Female,129.104.159.107
162,Malynda,Bateup,mbateup4h@vinaora.com,Female,217.55.14.116
163,Gayelord,Patridge,gpatridge4i@pagesperso-orange.fr,Genderqueer,93.86.67.121
164,Larine,Redholes,lredholes4j@dagondesign.com,Female,172.107.144.66
165,Thalia,Powlett,tpowlett4k@lycos.com,Female,201.202.104.117
166,Kelley,Finder,kfinder4l@dell.com,Male,243.237.110.43
167,Luca,Dight,ldight4m@nifty.com,Male,144.27.37.113
168,Estell,Killick,ekillick4n@baidu.com,Female,21.133.241.196
169,Christiana,Woofendell,cwoofendell4o@globo.com,Female,220.5.166.189
170,Verla,Giovanardi,vgiovanardi4p@epa.gov,Polygender,110.96.110.154
171,Laverne,Antoshin,lantoshin4q@goodreads.com,Female,42.207.63.157
172,Beale,Suddell,bsuddell4r@fda.gov,Male,49.100.238.215
173,Marcellus,Allflatt,mallflatt4s@dot.gov,Male,44.148.33.185
174,Anastasie,Tune,atune4t@mlb.com,Female,184.66.48.179
175,Laura,Suero,lsuero4u@yahoo.com,Female,74.247.150.252
176,Lorelle,Errichelli,lerrichelli4v@adobe.com,Female,31.214.42.29
177,Stephana,MacDunleavy,smacdunleavy4w@uiuc.edu,Agender,56.125.205.165
178,Lorianna,Ucchino,lucchino4x@zimbio.com,Female,145.108.191.136
179,Russell,Valente,rvalente4y@sbwire.com,Male,88.93.221.44
180,Andrej,Trippett,atrippett4z@cpanel.net,Male,217.246.49.144
181,Leanna,Woodrooffe,lwoodrooffe50@wunderground.com,Female,245.215.250.45
182,Margit,Dorber,mdorber51@drupal.org,Female,5.193.96.84
183,Janeen,Legrice,jlegrice52@mtv.com,Female,69.226.23.7
184,Nerta,O'Mailey,nomailey53@rambler.ru,Genderfluid,32.231.30.155
185,Isis,Claige,iclaige54@china.com.cn,Female,91.199.6.201
186,Adoree,Huett,ahuett55@feedburner.com,Female,222.64.64.66
187,Adolpho,Hallut,ahallut56@woothemes.com,Polygender,19.15.214.181
188,Chandal,Dellenbroker,cdellenbroker57@over-blog.com,Female,103.130.181.208
189,Gunter,McAlpine,gmcalpine58@diigo.com,Male,127.197.247.149
190,Sholom,Aluard,saluard59@princeton.edu,Male,231.233.219.16
191,Kincaid,Mueller,kmueller5a@jugem.jp,Male,212.224.221.86
192,Amby,Collimore,acollimore5b@themeforest.net,Male,212.146.75.138
193,Barny,Hynd,bhynd5c@is.gd,Male,139.251.16.15
194,Mirna,Moncrieffe,mmoncrieffe5d@yahoo.co.jp,Female,160.219.247.43
195,Adrian,Duffield,aduffield5e@amazon.com,Female,171.200.118.238
196,Justen,Palfreman,jpalfreman5f@a8.net,Male,238.85.52.10
197,Duffie,Willoughby,dwilloughby5g@go.com,Male,119.201.60.155
198,Merrel,Godney,mgodney5h@wired.com,Male,121.243.55.37
199,Stesha,Lorey,slorey5i@chicagotribune.com,Female,6.149.148.134
200,Irvin,Abbot,iabbot5j@hibu.com,Male,147.86.217.217
201,Marley,Northgraves,mnorthgraves5k@paginegialle.it,Female,255.217.240.124
202,Adan,Chaulk,achaulk5l@wired.com,Male,88.93.130.45
203,Michal,Groveham,mgroveham5m@multiply.com,Male,175.140.74.231
204,Paco,Meany,pmeany5n@cdbaby.com,Bigender,153.232.146.250
205,Tito,Pratt,tpratt5o@princeton.edu,Male,52.186.251.166
206,Boy,Burhill,bburhill5p@buzzfeed.com,Male,100.31.156.4
207,Cathrin,Leale,cleale5q@chron.com,Female,74.23.45.23
208,Belicia,Ashplant,bashplant5r@ca.gov,Genderfluid,5.157.165.238
209,Leoline,Hordell,lhordell5s@lycos.com,Female,234.187.240.94
210,Giulio,Matthai,gmatthai5t@hud.gov,Male,157.191.172.77
211,Clive,Kisbee,ckisbee5u@latimes.com,Male,212.169.15.0
212,Adrien,Rominov,arominov5v@last.fm,Male,64.103.132.222
213,Grissel,Conibere,gconibere5w@macromedia.com,Female,194.181.91.0
214,Papageno,Le Sarr,plesarr5x@kickstarter.com,Genderqueer,86.220.72.35
215,Merl,Tod,mtod5y@twitter.com,Female,201.200.147.184
216,Gil,Starten,gstarten5z@creativecommons.org,Male,188.95.52.218
217,Cary,LaBastida,clabastida60@guardian.co.uk,Female,245.188.102.73
218,Jacklin,Culshaw,jculshaw61@posterous.com,Female,244.100.126.203
219,Hersh,Watmore,hwatmore62@nps.gov,Male,50.195.205.146
220,Yardley,Millom,ymillom63@forbes.com,Male,58.128.234.19
221,Reeta,Roskeilly,rroskeilly64@fc2.com,Female,223.86.27.107
222,Erhart,Guerrin,eguerrin65@behance.net,Male,158.55.36.173
223,Gayler,McCombe,gmccombe66@newyorker.com,Male,187.83.216.186
224,Laverna,Reinhardt,lreinhardt67@sciencedirect.com,Female,236.172.93.95
225,Bartlett,Somerton,bsomerton68@soup.io,Male,97.177.205.184
226,Cynthia,Jonczyk,cjonczyk69@delicious.com,Non-binary,71.246.148.109
227,Alisun,St Clair,astclair6a@cnbc.com,Female,13.89.20.98
228,Rycca,Gullefant,rgullefant6b@shutterfly.com,Female,24.18.253.221
229,Creigh,Kilborn,ckilborn6c@shutterfly.com,Male,211.6.215.161
230,Hercules,Mulhill,hmulhill6d@imgur.com,Male,222.236.160.178
231,Casandra,Henrionot,chenrionot6e@sina.com.cn,Female,61.116.93.196
232,Ricki,Juszczyk,rjuszczyk6f@usnews.com,Male,243.113.42.48
233,Corabella,Scutching,cscutching6g@marriott.com,Female,119.159.230.64
234,Jerald,Tustin,jtustin6h@accuweather.com,Male,153.76.150.190
235,Susana,Durrell,sdurrell6i@yellowbook.com,Female,208.97.71.79
236,Stavro,Portinari,sportinari6j@feedburner.com,Male,67.13.154.72
237,Addie,Arkil,aarkil6k@mayoclinic.com,Female,101.45.239.7
238,Waring,Wignall,wwignall6l@tmall.com,Male,216.180.214.114
239,Keven,Denington,kdenington6m@blinklist.com,Male,149.123.182.205
240,Skippy,Smee,ssmee6n@reuters.com,Male,55.162.169.136
241,Wendall,Ogglebie,wogglebie6o@hud.gov,Male,242.147.38.160
242,Allix,Yitzhak,ayitzhak6p@shop-pro.jp,Female,172.155.178.13
243,Baxter,Spofforth,bspofforth6q@mac.com,Male,163.201.224.182
244,Giovanni,Bailiss,gbailiss6r@dot.gov,Male,173.116.179.93
245,Sharla,Adamovsky,sadamovsky6s@tinyurl.com,Female,22.239.152.162
246,Horatio,Gilffillan,hgilffillan6t@msn.com,Male,87.211.6.186
247,Gene,Metheringham,gmetheringham6u@census.gov,Male,87.186.164.116
248,Jodie,Eldered,jeldered6v@tripadvisor.com,Male,131.86.118.21
249,Lori,Boldero,lboldero6w@google.com.br,Female,7.92.208.179
250,Iggy,Standing,istanding6x@webmd.com,Male,146.8.164.161
251,Katey,Walhedd,kwalhedd6y@deliciousdays.com,Female,63.65.131.82
252,Kaitlynn,Piscopello,kpiscopello6z@whitehouse.gov,Female,6.229.147.221
253,Rochelle,Cromley,rcromley70@google.com.au,Female,53.244.138.28
254,Fraser,Bunyard,fbunyard71@kickstarter.com,Male,20.121.117.67
255,Vanya,Thoumas,vthoumas72@constantcontact.com,Male,94.182.111.211
256,Gorden,Schubart,gschubart73@cafepress.com,Male,47.157.143.233
257,Shaun,Baudy,sbaudy74@harvard.edu,Male,152.98.81.149
258,Ashley,Harrie,aharrie75@skype.com,Male,50.145.132.178
259,Clementia,Potier,cpotier76@angelfire.com,Female,65.32.203.152
260,Vasili,Peabody,vpeabody77@ebay.com,Non-binary,201.23.243.56
261,Sharline,Sharpe,ssharpe78@disqus.com,Female,106.116.149.127
262,Cleavland,Cluet,ccluet79@bizjournals.com,Male,112.73.104.76
263,Goldy,Balbeck,gbalbeck7a@mit.edu,Female,102.46.230.80
264,Myrilla,Clemmow,mclemmow7b@techcrunch.com,Female,55.173.20.13
265,Kenneth,Owers,kowers7c@ycombinator.com,Male,116.82.76.240
266,Karia,Canellas,kcanellas7d@psu.edu,Female,145.200.4.86
267,Nealon,Fellman,nfellman7e@indiatimes.com,Male,176.92.190.179
268,Augusta,Dobrowlski,adobrowlski7f@w3.org,Female,32.220.97.181
269,Betti,Fullun,bfullun7g@ed.gov,Female,33.122.196.248
270,Windy,Powlesland,wpowlesland7h@mozilla.com,Female,96.152.72.244
271,Richard,Matissoff,rmatissoff7i@geocities.jp,Male,76.102.67.69
272,Ricky,Bidder,rbidder7j@prweb.com,Male,35.255.193.135
273,Uri,Grandisson,ugrandisson7k@noaa.gov,Male,80.181.49.98
274,Mella,Tregien,mtregien7l@altervista.org,Female,145.182.67.3
275,Brandy,Zoephel,bzoephel7m@tumblr.com,Male,72.17.42.221
276,Gerrard,Scafe,gscafe7n@wikimedia.org,Male,56.203.52.99
277,Tobias,Sumbler,tsumbler7o@bing.com,Male,156.9.88.123
278,Danni,Mandrey,dmandrey7p@blogspot.com,Polygender,248.154.191.51
279,Christa,Philipard,cphilipard7q@harvard.edu,Female,222.85.232.49
280,Sheelah,Balogun,sbalogun7r@domainmarket.com,Female,233.227.248.8
281,Travers,Hawkeswood,thawkeswood7s@cyberchimps.com,Male,123.221.177.164
282,Kristian,Bertlin,kbertlin7t@netlog.com,Male,0.52.158.88
283,Hayley,Corck,hcorck7u@opensource.org,Female,55.205.59.215
284,Justino,Marquiss,jmarquiss7v@umich.edu,Bigender,56.96.224.246
285,Katalin,Novotne,knovotne7w@wisc.edu,Female,135.181.33.33
286,Shelley,Glasard,sglasard7x@buzzfeed.com,Male,44.58.188.39
287,Guilbert,Greve,ggreve7y@google.com.br,Male,204.253.184.104
288,Tilly,Garvagh,tgarvagh7z@nasa.gov,Female,106.89.155.161
289,Marcel,Stewartson,mstewartson80@ed.gov,Male,83.82.220.223
290,Griffith,Prestedge,gprestedge81@huffingtonpost.com,Male,176.21.13.249
291,Trula,Simony,tsimony82@ft.com,Female,0.147.152.92
292,Barn,Zupa,bzupa83@wordpress.com,Male,26.63.91.194
293,Jeannine,Verrechia,jverrechia84@wisc.edu,Female,240.96.20.105
294,Adam,Coslitt,acoslitt85@phpbb.com,Male,169.132.161.75
295,Trueman,Avesque,tavesque86@howstuffworks.com,Male,152.210.72.45
296,Zebulon,Tertre,ztertre87@posterous.com,Male,247.237.85.59
297,Arlyn,Vardy,avardy88@google.com,Female,246.236.140.34
298,Debra,Tomlin,dtomlin89@lycos.com,Female,178.7.49.52
299,Elsie,Warbys,ewarbys8a@seattletimes.com,Female,113.123.68.32
300,Uri,Hexum,uhexum8b@businessinsider.com,Male,40.153.176.247
301,Wait,McTrustie,wmctrustie8c@jigsy.com,Male,88.156.187.17
302,Howard,Dow,hdow8d@google.com.hk,Male,26.97.145.142
303,Eunice,todor,etodor8e@yellowpages.com,Female,81.231.40.61
304,Amalee,Tinsley,atinsley8f@mtv.com,Female,162.249.156.158
305,Gwennie,Rubenchik,grubenchik8g@aboutads.info,Female,135.123.54.100
306,Carny,Broadley,cbroadley8h@cloudflare.com,Male,187.228.16.234
307,Frannie,Danaher,fdanaher8i@bluehost.com,Male,164.117.103.100
308,Rania,Crocker,rcrocker8j@cnbc.com,Female,141.248.29.49
309,Herb,Jambrozek,hjambrozek8k@sogou.com,Male,235.25.146.97
310,Heinrick,Vodden,hvodden8l@sciencedirect.com,Male,206.209.169.238
311,Rickie,McEachern,rmceachern8m@acquirethisname.com,Female,85.100.63.183
312,Charlena,Caldron,ccaldron8n@cornell.edu,Female,177.51.35.231
313,Leonerd,Raddon,lraddon8o@blogger.com,Male,13.82.222.166
314,Julianna,Prendergrast,jprendergrast8p@hc360.com,Genderqueer,247.114.100.116
315,Kenton,Barg,kbarg8q@ibm.com,Male,85.254.228.196
316,Lauretta,Pittham,lpittham8r@people.com.cn,Female,44.227.251.16
317,Julian,Vittet,jvittet8s@pinterest.com,Male,244.191.215.169
318,Danika,Burmaster,dburmaster8t@drupal.org,Polygender,211.225.30.196
319,Riobard,Bliss,rbliss8u@sciencedaily.com,Male,73.229.204.72
320,Cristionna,Greatbank,cgreatbank8v@ow.ly,Female,11.205.204.166
321,Allie,Praill,apraill8w@slate.com,Female,72.219.89.82
322,Marylin,Yablsley,myablsley8x@surveymonkey.com,Female,255.125.53.137
323,Nert,Calven,ncalven8y@bing.com,Female,248.38.110.155
324,Deana,Varfolomeev,dvarfolomeev8z@fc2.com,Female,140.124.212.151
325,Wang,Danzey,wdanzey90@simplemachines.org,Male,18.117.196.165
326,Larina,Elcoat,lelcoat91@google.com.hk,Female,162.243.164.222
327,Law,Fonzo,lfonzo92@chronoengine.com,Male,255.103.13.28
328,Rip,Baudet,rbaudet93@cnbc.com,Male,125.88.52.105
329,Israel,Beeho,ibeeho94@freewebs.com,Male,27.230.213.112
330,Mag,Haldane,mhaldane95@slashdot.org,Agender,108.247.103.151
331,Denyse,Hubbold,dhubbold96@nhs.uk,Female,224.121.203.96
332,Selina,Gavriel,sgavriel97@people.com.cn,Female,189.119.73.90
333,Arlyn,Castane,acastane98@spiegel.de,Female,126.233.25.145
334,Malanie,Dybbe,mdybbe99@multiply.com,Female,169.203.217.134
335,Krissy,Londesborough,klondesborough9a@i2i.jp,Female,54.3.44.89
336,Cristabel,Toopin,ctoopin9b@diigo.com,Female,90.160.20.155
337,Ev,Brookson,ebrookson9c@bloglines.com,Male,16.27.139.103
338,Harli,Bolzen,hbolzen9d@vinaora.com,Female,9.95.52.134
339,Deane,Morgan,dmorgan9e@redcross.org,Female,139.127.103.208
340,Marissa,Palatino,mpalatino9f@nps.gov,Female,42.249.247.1
341,Ashli,Drew,adrew9g@ow.ly,Female,238.42.153.66
342,Padraig,Monard,pmonard9h@google.co.jp,Genderfluid,172.196.71.245
343,Abbott,Reuther,areuther9i@elegantthemes.com,Bigender,147.233.168.110
344,Doris,Seeley,dseeley9j@hao123.com,Female,27.1.181.195
345,Dita,Goucher,dgoucher9k@redcross.org,Female,150.178.4.237
346,Pierrette,Goodhay,pgoodhay9l@wufoo.com,Female,135.24.138.6
347,Inigo,Beveredge,ibeveredge9m@flickr.com,Male,227.140.139.39
348,Auria,Staines,astaines9n@tmall.com,Female,31.2.143.157
349,Edouard,Sharman,esharman9o@nasa.gov,Male,69.193.103.118
350,Neddy,Brittian,nbrittian9p@princeton.edu,Male,195.94.71.235
351,Tam,Tordoff,ttordoff9q@edublogs.org,Male,6.193.228.150
352,Harris,Gronw,hgronw9r@tinyurl.com,Male,98.168.227.217
353,Lilli,McShirrie,lmcshirrie9s@cpanel.net,Female,99.32.113.106
354,Adey,Morphew,amorphew9t@house.gov,Female,202.223.67.217
355,Brit,MacQuarrie,bmacquarrie9u@indiegogo.com,Male,115.130.205.18
356,Vinnie,Bullers,vbullers9v@miitbeian.gov.cn,Male,4.155.180.251
357,Stormi,Kitchenside,skitchenside9w@usnews.com,Female,239.251.107.186
358,Whittaker,Targett,wtargett9x@google.nl,Male,42.9.148.4
359,Blaire,Jest,bjest9y@themeforest.net,Female,239.72.76.155
360,Jock,Ricard,jricard9z@foxnews.com,Male,116.63.60.185
361,Wes,Merfin,wmerfina0@harvard.edu,Male,118.116.21.71
362,Niko,St. Louis,nstlouisa1@typepad.com,Male,245.171.133.127
363,Cchaddie,Cowle,ccowlea2@dot.gov,Male,245.126.125.231
364,Leann,Wyldbore,lwyldborea3@list-manage.com,Female,167.135.43.182
365,Von,Gatley,vgatleya4@blogspot.com,Male,224.229.203.152
366,Gauthier,Gath,ggatha5@blinklist.com,Male,127.135.0.184
367,Clarance,Glavis,cglavisa6@phoca.cz,Male,182.110.144.233
368,Jojo,Frugier,jfrugiera7@phoca.cz,Female,196.136.34.28
369,Marion,Durrance,mdurrancea8@usda.gov,Female,84.137.175.198
370,Taite,McAughtrie,tmcaughtriea9@odnoklassniki.ru,Male,91.231.117.68
371,Robinett,Hallut,rhallutaa@indiegogo.com,Female,102.145.102.165
372,Milton,Rameaux,mrameauxab@cafepress.com,Male,201.135.202.144
373,Venita,Iacavone,viacavoneac@aol.com,Female,123.9.132.100
374,Hillard,Zorzoni,hzorzoniad@dell.com,Male,181.153.11.75
375,Danny,Blumsom,dblumsomae@pcworld.com,Genderfluid,10.19.41.232
376,Danny,Lettington,dlettingtonaf@ifeng.com,Male,177.105.60.102
377,Cull,Foxcroft,cfoxcroftag@skype.com,Male,245.139.81.88
378,Mariann,Waulker,mwaulkerah@tinyurl.com,Polygender,190.188.151.83
379,Gregory,Paramore,gparamoreai@lulu.com,Male,10.14.133.174
380,Park,Nobriga,pnobrigaaj@army.mil,Male,255.240.42.50
381,Maurizia,Kleinplac,mkleinplacak@phpbb.com,Female,236.111.168.20
382,Sibyl,Evetts,sevettsal@barnesandnoble.com,Female,18.35.19.111
383,Berthe,Dowd,bdowdam@arizona.edu,Female,139.245.111.49
384,Thedrick,Newborn,tnewbornan@fastcompany.com,Male,223.226.221.18
385,Francoise,Surphliss,fsurphlissao@opensource.org,Female,76.219.247.237
386,Nerte,Robelin,nrobelinap@mit.edu,Female,67.116.81.156
387,Lira,Crookall,lcrookallaq@oracle.com,Female,168.139.210.193
388,Nessa,Arkow,narkowar@linkedin.com,Female,49.227.7.128
389,Bobbye,Chowne,bchowneas@bloomberg.com,Genderqueer,210.190.224.185
390,Norton,Macconaghy,nmacconaghyat@epa.gov,Male,182.12.220.132
391,Jess,McGrah,jmcgrahau@hatena.ne.jp,Male,153.113.35.22
392,Benton,Mielnik,bmielnikav@blogtalkradio.com,Male,77.159.212.75
393,Nolie,Twede,ntwedeaw@diigo.com,Genderfluid,176.211.41.182
394,Druci,Krates,dkratesax@google.co.uk,Female,150.217.213.58
395,Keriann,Rotge,krotgeay@house.gov,Female,125.99.6.49
396,Merill,Akehurst,makehurstaz@a8.net,Male,68.73.94.184
397,Ephrem,Crinson,ecrinsonb0@marketwatch.com,Male,240.5.144.112
398,Gui,Kleisel,gkleiselb1@barnesandnoble.com,Female,223.174.126.96
399,Brand,Jessope,bjessopeb2@cocolog-nifty.com,Male,35.20.242.205
400,Martie,Aggs,maggsb3@opensource.org,Female,189.211.133.63
401,Brianna,Libbe,blibbeb4@wiley.com,Female,9.90.186.172
402,Pall,Mulcahy,pmulcahyb5@over-blog.com,Male,126.53.201.168
403,Dominick,Boutell,dboutellb6@house.gov,Male,174.134.98.132
404,Gerhardt,Georger,ggeorgerb7@blogs.com,Male,188.81.229.111
405,Ally,Maingot,amaingotb8@storify.com,Female,97.147.200.122
406,Theodore,Aitchison,taitchisonb9@dailymotion.com,Non-binary,142.149.201.8
407,Muire,Skellion,mskellionba@adobe.com,Female,90.19.98.224
408,Tonya,Coaten,tcoatenbb@webs.com,Female,186.28.243.96
409,Meris,Gladdolph,mgladdolphbc@fastcompany.com,Female,38.157.209.52
410,Maximilien,Sandhill,msandhillbd@qq.com,Male,220.3.209.193
411,Bengt,Depper,bdepperbe@wikispaces.com,Male,107.246.171.66
412,Bernie,Fabri,bfabribf@themeforest.net,Male,133.156.153.191
413,Mellicent,Lambal,mlambalbg@netlog.com,Female,115.104.2.26
414,Sascha,Kupec,skupecbh@nifty.com,Female,36.212.181.211
415,Jareb,Clementucci,jclementuccibi@pbs.org,Male,74.67.78.253
416,Damiano,Durdy,ddurdybj@irs.gov,Male,186.222.33.245
417,Krissie,Dohmer,kdohmerbk@zimbio.com,Female,122.127.47.187
418,Jacynth,Turnpenny,jturnpennybl@foxnews.com,Female,59.147.146.138
419,Devonna,Jozwiak,djozwiakbm@usgs.gov,Female,220.90.233.79
420,Jacki,Spiring,jspiringbn@google.ca,Non-binary,58.122.134.136
421,Eleen,Nutkins,enutkinsbo@dell.com,Female,65.46.246.228
422,Gretna,Tift,gtiftbp@geocities.jp,Female,89.15.63.6
423,Lucian,Hussey,lhusseybq@jiathis.com,Male,16.169.65.12
424,Oliviero,Goncaves,ogoncavesbr@bizjournals.com,Male,67.66.43.45
425,Leigh,Ledes,lledesbs@businessinsider.com,Female,249.45.231.217
426,Brandon,Birley,bbirleybt@shutterfly.com,Male,141.209.250.28
427,Baudoin,Eddies,beddiesbu@dailymotion.com,Male,169.138.61.207
428,Rancell,Denne,rdennebv@gmpg.org,Male,103.231.251.0
429,Hope,Coolson,hcoolsonbw@businessinsider.com,Female,224.56.14.174
430,Alvin,Whyatt,awhyattbx@earthlink.net,Male,4.247.7.10
431,Burgess,Marshal,bmarshalby@auda.org.au,Male,170.4.99.6
432,Towney,Morrish,tmorrishbz@ocn.ne.jp,Non-binary,73.89.242.122
433,Viv,Dimitriev,vdimitrievc0@go.com,Female,145.46.190.68
434,Maxy,Doveston,mdovestonc1@meetup.com,Male,124.105.210.164
435,Isidoro,Crighten,icrightenc2@github.com,Male,30.131.95.152
436,Ambrosius,Tiddeman,atiddemanc3@paginegialle.it,Male,71.39.92.169
437,Curt,Colloff,ccolloffc4@feedburner.com,Male,223.64.59.97
438,Georgeta,Armand,garmandc5@wikispaces.com,Female,245.102.36.114
439,Ben,Egel,begelc6@drupal.org,Male,159.2.99.135
440,Fara,Tupling,ftuplingc7@wix.com,Female,114.234.74.179
441,Tiena,Hinchshaw,thinchshawc8@ask.com,Female,36.215.233.175
442,Danna,Mantha,dmanthac9@ebay.co.uk,Female,48.48.66.108
443,Peta,Vearncomb,pvearncombca@webeden.co.uk,Female,226.60.39.214
444,Merrielle,Mannering,mmanneringcb@xing.com,Female,174.106.59.139
445,Marjy,Nossent,mnossentcc@flickr.com,Female,204.222.189.108
446,Marianne,Pinckney,mpinckneycd@drupal.org,Female,191.24.12.201
447,Crysta,Gambie,cgambiece@multiply.com,Female,112.242.97.87
448,Dannie,Oakenfull,doakenfullcf@php.net,Female,154.203.105.110
449,Igor,Nevett,inevettcg@scientificamerican.com,Male,191.200.0.149
450,Waldon,Humerstone,whumerstonech@mail.ru,Male,136.82.52.157
451,Elonore,Grose,egroseci@tuttocitta.it,Female,25.103.186.141
452,Christy,Storks,cstorkscj@utexas.edu,Female,253.252.51.244
453,Harlen,D'eath,hdeathck@clickbank.net,Male,86.168.56.229
454,Bruno,Patrick,bpatrickcl@wp.com,Male,125.2.115.224
455,Kelsey,Messent,kmessentcm@mysql.com,Female,212.195.211.126
456,Kayla,Bernadzki,kbernadzkicn@nhs.uk,Female,106.96.57.12
457,Kaleb,MacEnelly,kmacenellyco@go.com,Male,137.255.217.52
458,Tresa,Cawthera,tcawtheracp@t.co,Female,171.154.85.243
459,Raimund,Gascoyen,rgascoyencq@thetimes.co.uk,Agender,146.87.152.24
460,Zedekiah,Payle,zpaylecr@alexa.com,Male,247.195.243.120
461,Malissia,Malshinger,mmalshingercs@whitehouse.gov,Female,52.5.119.164
462,Jarad,Kares,jkaresct@istockphoto.com,Male,70.193.243.51
463,Gorden,Monro,gmonrocu@si.edu,Male,79.119.212.221
464,Logan,Lipman,llipmancv@oaic.gov.au,Male,30.220.100.172
465,Carly,Farlam,cfarlamcw@trellian.com,Male,23.72.20.43
466,Cyrill,Payton,cpaytoncx@sohu.com,Male,195.116.64.41
467,Geneva,Ough,goughcy@mapquest.com,Female,62.213.17.36
468,Elwin,Pragnell,epragnellcz@cmu.edu,Male,33.155.219.121
469,Kimble,Wiffen,kwiffend0@yale.edu,Male,254.75.87.141
470,Nedi,Wrennall,nwrennalld1@sfgate.com,Female,152.20.180.107
471,Phillip,Yanin,pyanind2@friendfeed.com,Male,251.204.91.30
472,Keriann,Kopecka,kkopeckad3@acquirethisname.com,Non-binary,126.198.56.84
473,Pattie,McKerley,pmckerleyd4@nbcnews.com,Male,126.82.142.174
474,Elnora,Utteridge,eutteridged5@privacy.gov.au,Female,252.165.183.45
475,Amelita,Sturges,asturgesd6@eepurl.com,Female,109.172.17.221
476,Mervin,Shipway,mshipwayd7@facebook.com,Male,187.66.152.50
477,Dwayne,Yeowell,dyeowelld8@ow.ly,Male,127.170.249.99
478,Kristoffer,Skeleton,kskeletond9@wunderground.com,Male,45.102.130.192
479,Consolata,Yesipov,cyesipovda@squarespace.com,Agender,243.169.25.139
480,Eloisa,Hasling,ehaslingdb@fotki.com,Bigender,245.195.79.36
481,Sigvard,Lettsom,slettsomdc@xrea.com,Male,9.74.190.247
482,Colly,Blaxlande,cblaxlandedd@prweb.com,Female,29.239.87.220
483,Odie,Benting,obentingde@wordpress.com,Male,50.247.115.74
484,Osgood,Postles,opostlesdf@acquirethisname.com,Male,168.226.99.186
485,Deana,Harome,dharomedg@gnu.org,Female,138.63.148.5
486,Dawna,Zavittieri,dzavittieridh@eepurl.com,Female,179.204.8.56
487,Lauri,Skupinski,lskupinskidi@twitter.com,Female,147.198.68.125
488,Avis,Ganforthe,aganforthedj@google.com.au,Female,60.206.226.209
489,Sherilyn,Woodsford,swoodsforddk@sina.com.cn,Female,121.133.11.49
490,Jorrie,Kempshall,jkempshalldl@eepurl.com,Female,194.194.48.111
491,Wilbur,Piggot,wpiggotdm@mediafire.com,Male,71.67.98.113
492,Alf,Byforth,abyforthdn@github.io,Male,159.200.1.83
493,Fan,Gawen,fgawendo@irs.gov,Female,228.162.139.40
494,Nellie,Abramchik,nabramchikdp@ustream.tv,Female,241.109.105.152
495,Samaria,Shuttlewood,sshuttlewooddq@meetup.com,Female,96.248.190.126
496,Antonina,Domerq,adomerqdr@icio.us,Female,24.11.166.213
497,Johnna,Tatham,jtathamds@list-manage.com,Female,106.46.200.232
498,Hube,Dyerson,hdyersondt@people.com.cn,Male,45.113.78.151
499,Gilbert,Landeaux,glandeauxdu@ezinearticles.com,Male,225.5.94.94
500,Flint,Mattingly,fmattinglydv@bizjournals.com,Male,135.203.61.211
501,Elinor,Dunphie,edunphiedw@sbwire.com,Female,155.96.161.247
502,Marcie,Usborn,musborndx@independent.co.uk,Female,120.135.75.122
503,Delilah,Richardeau,drichardeaudy@meetup.com,Female,142.45.103.127
504,Craggy,Jojic,cjojicdz@goodreads.com,Male,36.13.57.114
505,Cacilie,Borland,cborlande0@constantcontact.com,Female,231.122.79.174
506,Jemie,Rankmore,jrankmoree1@imgur.com,Female,192.127.247.14
507,Cam,Konig,ckonige2@ocn.ne.jp,Male,70.209.102.68
508,Kenyon,Rosenblum,krosenblume3@amazon.de,Male,160.31.104.254
509,Lonnie,O'Keefe,lokeefee4@gizmodo.com,Female,10.49.139.49
510,Wyatt,Meco,wmecoe5@hc360.com,Male,87.247.33.215
511,Alicea,Fairbourn,afairbourne6@marketwatch.com,Female,154.69.74.174
512,Odele,Viney,ovineye7@mozilla.org,Female,211.124.0.121
513,Austin,Grainger,agraingere8@vkontakte.ru,Female,4.214.4.229
514,Abraham,Heake,aheakee9@woothemes.com,Male,232.85.254.178
515,Tristam,Malkin,tmalkinea@buzzfeed.com,Male,150.18.10.57
516,Rafe,Demkowicz,rdemkowiczeb@bizjournals.com,Male,94.57.250.199
517,Udell,Bignal,ubignalec@ovh.net,Genderqueer,188.52.156.180
518,Harriett,Shortcliffe,hshortcliffeed@bbc.co.uk,Female,194.117.171.65
519,Beverlee,Sawer,bsaweree@flavors.me,Female,18.101.97.251
520,Charlotte,Feacham,cfeachamef@ehow.com,Female,53.248.13.72
521,Dionisio,Raff,draffeg@merriam-webster.com,Male,201.75.251.7
522,Shirley,Roscrigg,sroscriggeh@gnu.org,Female,159.180.75.212
523,Falito,Barnwall,fbarnwallei@scientificamerican.com,Male,132.249.141.144
524,Beverly,MacDearmont,bmacdearmontej@artisteer.com,Agender,124.204.111.225
525,Wait,Hundall,whundallek@tinypic.com,Genderfluid,20.181.153.240
526,Pearla,Meijer,pmeijerel@comcast.net,Female,158.118.73.91
527,Nikoletta,Cholmondeley,ncholmondeleyem@cdbaby.com,Female,166.107.11.42
528,Berry,Gilphillan,bgilphillanen@example.com,Female,244.206.149.126
529,Becca,Jacobowitz,bjacobowitzeo@indiatimes.com,Female,254.9.224.88
530,Hieronymus,Cale,hcaleep@sun.com,Polygender,226.206.225.26
531,Piper,Wallworke,pwallworkeeq@i2i.jp,Agender,26.201.1.253
532,Lila,Lethbrig,llethbriger@howstuffworks.com,Female,58.253.193.80
533,Oneida,Wilcock,owilcockes@telegraph.co.uk,Bigender,213.150.17.13
534,Karoly,Allinson,kallinsonet@creativecommons.org,Female,0.91.74.141
535,Arly,Heining,aheiningeu@sun.com,Female,127.124.210.98
536,Cosetta,Volk,cvolkev@usgs.gov,Female,238.35.71.116
537,Felizio,MacDwyer,fmacdwyerew@aol.com,Male,125.3.43.136
538,Bernardine,Trappe,btrappeex@ocn.ne.jp,Female,48.98.69.203
539,Dallas,Costerd,dcosterdey@unicef.org,Female,61.201.48.32
540,Camilla,Manifould,cmanifouldez@slashdot.org,Genderqueer,54.127.115.192
541,Barbi,Rapin,brapinf0@dot.gov,Female,12.216.180.47
542,Morgan,Foskew,mfoskewf1@amazon.co.uk,Female,231.39.140.228
543,Phillida,Medler,pmedlerf2@huffingtonpost.com,Female,61.19.67.55
544,Mitchell,Bothams,mbothamsf3@amazonaws.com,Non-binary,35.30.62.152
545,Darelle,Worwood,dworwoodf4@sbwire.com,Female,144.192.20.27
546,Darlleen,Bathersby,dbathersbyf5@time.com,Female,27.215.123.24
547,Bridgette,Pickerell,bpickerellf6@yahoo.co.jp,Female,34.245.22.37
548,Antonia,Rodwell,arodwellf7@icio.us,Female,203.48.79.220
549,Georgiana,Glandfield,gglandfieldf8@bloomberg.com,Female,125.251.12.3
550,Cristal,Farrand,cfarrandf9@histats.com,Female,72.248.226.127
551,Giuditta,Hercules,gherculesfa@china.com.cn,Female,189.208.197.128
552,Esteban,Scotland,escotlandfb@edublogs.org,Male,211.231.128.156
553,Laird,Wadeson,lwadesonfc@marketwatch.com,Male,170.59.156.78
554,Selina,Skerm,sskermfd@histats.com,Female,237.37.27.34
555,Ola,Eglin,oeglinfe@mozilla.com,Female,101.109.91.98
556,Cullen,Petrollo,cpetrolloff@creativecommons.org,Male,205.163.162.172
557,Berni,Gittis,bgittisfg@canalblog.com,Female,201.206.160.39
558,Forest,Hundell,fhundellfh@angelfire.com,Male,77.213.216.10
559,Ricki,Talloe,rtalloefi@soup.io,Male,224.22.39.226
560,Maye,McCutheon,mmccutheonfj@example.com,Female,5.228.171.230
561,Marianna,Ciabatteri,mciabatterifk@cisco.com,Female,74.78.193.91
562,Morgun,Meadowcroft,mmeadowcroftfl@spotify.com,Male,32.151.84.203
563,Winifield,Heathcote,wheathcotefm@meetup.com,Male,75.220.191.154
564,Clementine,Ivanchin,civanchinfn@behance.net,Female,131.78.225.53
565,Jeanine,Gravey,jgraveyfo@wix.com,Female,110.246.89.130
566,Geoffry,Burkinshaw,gburkinshawfp@simplemachines.org,Male,164.4.72.100
567,Merna,Pavluk,mpavlukfq@typepad.com,Polygender,209.6.13.85
568,Alfie,McCaighey,amccaigheyfr@tripod.com,Male,220.129.246.125
569,Blondell,Heber,bheberfs@marketwatch.com,Female,103.94.118.121
570,Albie,Tuma,atumaft@ca.gov,Male,38.242.146.15
571,Lorne,Stormont,lstormontfu@meetup.com,Male,16.53.21.247
572,Marlon,Ozelton,mozeltonfv@theguardian.com,Male,177.57.65.21
573,Grange,Weathey,gweatheyfw@dion.ne.jp,Male,144.206.85.182
574,Ignace,Buzzing,ibuzzingfx@guardian.co.uk,Male,27.182.125.162
575,Son,Gahan,sgahanfy@posterous.com,Male,224.52.39.25
576,Dougy,Trebilcock,dtrebilcockfz@paypal.com,Male,120.36.241.233
577,Roselin,Elrick,relrickg0@phoca.cz,Polygender,234.245.55.230
578,Clywd,Covill,ccovillg1@desdev.cn,Male,123.58.222.143
579,Lyndel,Fortun,lfortung2@princeton.edu,Female,38.193.129.113
580,Les,Sowood,lsowoodg3@apache.org,Male,68.70.73.230
581,Jackie,Clackers,jclackersg4@squidoo.com,Male,56.12.62.3
582,Nisse,Worlock,nworlockg5@1688.com,Female,57.117.185.43
583,Caspar,Paniman,cpanimang6@webmd.com,Male,4.131.40.23
584,Broderick,McAtamney,bmcatamneyg7@dagondesign.com,Male,214.91.219.18
585,Broderick,Vegas,bvegasg8@chronoengine.com,Male,236.181.60.176
586,Jody,Adlem,jadlemg9@exblog.jp,Male,139.195.131.177
587,Elset,Hourahan,ehourahanga@hubpages.com,Female,157.243.91.123
588,Artur,Giacoppo,agiacoppogb@blogs.com,Male,10.150.62.250
589,Phillida,Paschke,ppaschkegc@stanford.edu,Female,145.228.140.29
590,Scott,Krysiak,skrysiakgd@theglobeandmail.com,Male,243.86.232.215
591,Hallie,Thominga,hthomingage@taobao.com,Female,163.73.231.220
592,Amalle,Ilott,ailottgf@cam.ac.uk,Female,222.170.47.175
593,Lyndel,Creelman,lcreelmangg@purevolume.com,Female,253.80.229.57
594,Anastasie,D'Hooge,adhoogegh@squidoo.com,Female,169.66.55.231
595,Pearce,Tomkin,ptomkingi@freewebs.com,Male,7.197.85.252
596,Sandro,Gadsby,sgadsbygj@sina.com.cn,Male,28.185.169.23
597,Marlon,Kwietek,mkwietekgk@hc360.com,Male,33.11.176.131
598,Loretta,Eagan,leagangl@discuz.net,Female,18.65.68.80
599,Jayme,Manes,jmanesgm@china.com.cn,Female,18.155.184.20
600,Cookie,Mountjoy,cmountjoygn@redcross.org,Female,33.25.227.21
601,Alie,Longridge,alongridgego@github.io,Female,221.202.86.46
602,Erhart,Goldstraw,egoldstrawgp@istockphoto.com,Male,11.153.238.167
603,Tedd,Lehr,tlehrgq@dmoz.org,Male,189.138.48.244
604,Zola,Morehall,zmorehallgr@bloglovin.com,Non-binary,120.35.195.107
605,Nat,Hadwen,nhadwengs@cisco.com,Female,200.108.165.74
606,Adey,Rizzetti,arizzettigt@economist.com,Polygender,234.181.126.38
607,Oates,Rivallant,orivallantgu@squarespace.com,Male,191.251.63.108
608,Lissa,Wilkisson,lwilkissongv@accuweather.com,Female,54.87.224.89
609,Caesar,Tonbridge,ctonbridgegw@mapquest.com,Male,213.33.145.96
610,Antonin,Surgeoner,asurgeonergx@washington.edu,Male,59.112.252.35
611,Ursulina,Quiddinton,uquiddintongy@trellian.com,Female,7.239.53.43
612,Maison,Reinisch,mreinischgz@google.cn,Male,41.164.241.102
613,Egbert,Spring,espringh0@ucla.edu,Male,85.130.60.231
614,Zara,Boys,zboysh1@jugem.jp,Female,245.82.220.58
615,Tobias,Barwood,tbarwoodh2@howstuffworks.com,Male,120.158.243.224
616,Janelle,Mc Giffin,jmcgiffinh3@cbc.ca,Female,139.129.187.237
617,Jeanne,Worswick,jworswickh4@cbc.ca,Female,219.209.193.202
618,Kingsly,Joseff,kjoseffh5@state.gov,Male,95.53.81.96
619,Rosana,Tacey,rtaceyh6@sohu.com,Female,59.185.15.204
620,Eunice,O'Scollee,eoscolleeh7@symantec.com,Agender,207.213.254.106
621,Pamela,Sandbrook,psandbrookh8@abc.net.au,Female,179.94.199.154
622,Laural,Sawtell,lsawtellh9@baidu.com,Female,162.5.111.49
623,Sena,Patise,spatiseha@1und1.de,Female,101.208.2.226
624,Magnum,Barfford,mbarffordhb@seattletimes.com,Agender,252.127.49.203
625,Ashien,Sharpling,asharplinghc@miibeian.gov.cn,Female,132.190.179.18
626,Tadio,Wattinham,twattinhamhd@cisco.com,Male,216.106.33.118
627,Zsazsa,Charker,zcharkerhe@amazon.de,Female,179.72.208.229
628,Ruprecht,Scoggins,rscogginshf@angelfire.com,Male,220.156.101.77
629,Tomi,Pinks,tpinkshg@sfgate.com,Female,189.149.206.57
630,Torrie,Allnatt,tallnatthh@uol.com.br,Female,84.16.156.221
631,Oriana,Parley,oparleyhi@amazon.co.jp,Polygender,247.28.103.1
632,Lucienne,De Brett,ldebretthj@jiathis.com,Female,102.63.84.210
633,Jean,Barron,jbarronhk@bluehost.com,Male,66.187.147.37
634,Trstram,McKnockiter,tmcknockiterhl@hp.com,Male,78.4.154.252
635,Erna,Bewfield,ebewfieldhm@gmpg.org,Female,77.129.9.183
636,Finlay,Copper,fcopperhn@unc.edu,Male,128.172.202.79
637,Sheilah,Chicchelli,schicchelliho@odnoklassniki.ru,Female,17.35.125.230
638,Hadleigh,Ridgway,hridgwayhp@ca.gov,Male,164.56.81.174
639,Lishe,Arbuckel,larbuckelhq@nyu.edu,Polygender,89.191.79.224
640,Ole,Anney,oanneyhr@liveinternet.ru,Male,43.170.251.144
641,Matias,Fendlen,mfendlenhs@ftc.gov,Male,37.148.148.102
642,Dex,Marieton,dmarietonht@samsung.com,Male,65.200.149.5
643,Dennis,Pluthero,dplutherohu@foxnews.com,Male,24.186.247.116
644,Mariya,Morten,mmortenhv@va.gov,Female,113.182.253.185
645,Kaila,Shepperd,kshepperdhw@oracle.com,Female,236.98.146.82
646,Veronica,Brussels,vbrusselshx@ucoz.ru,Female,131.211.102.102
647,Marieann,Trotton,mtrottonhy@narod.ru,Female,160.238.4.145
648,Ellene,Wilcock,ewilcockhz@canalblog.com,Female,216.122.254.126
649,Kippie,Macknish,kmacknishi0@shop-pro.jp,Male,229.34.173.245
650,Bab,O'Loughnan,boloughnani1@pen.io,Female,44.44.239.153
651,Rosmunda,Leverson,rleversoni2@oaic.gov.au,Female,134.107.125.12
652,Randa,Rippingale,rrippingalei3@quantcast.com,Female,119.168.240.70
653,Virgil,Jedrzej,vjedrzeji4@omniture.com,Male,183.60.54.250
654,Drew,Feasley,dfeasleyi5@businessinsider.com,Male,244.39.236.59
655,Giovanni,Pallister,gpallisteri6@g.co,Male,23.80.78.38
656,Miranda,Blackler,mblackleri7@amazon.de,Female,156.97.201.31
657,Flori,Dimelow,fdimelowi8@netvibes.com,Agender,87.35.174.111
658,Gage,Vatini,gvatinii9@google.com,Male,227.197.25.133
659,Alta,Devorill,adevorillia@4shared.com,Female,14.68.112.36
660,Jonis,Duckering,jduckeringib@taobao.com,Female,242.209.157.47
661,Perrine,Brisse,pbrisseic@buzzfeed.com,Female,214.0.181.190
662,Anastasie,MacFall,amacfallid@friendfeed.com,Female,47.237.134.10
663,Tine,Hayden,thaydenie@amazon.com,Female,231.141.155.116
664,Zabrina,Buckthorpe,zbuckthorpeif@google.cn,Female,1.202.43.130
665,Riccardo,Beagley,rbeagleyig@nature.com,Male,1.72.47.206
666,Sophia,Burrells,sburrellsih@facebook.com,Female,72.34.85.219
667,Carly,Yanin,cyaninii@e-recht24.de,Male,100.192.19.208
668,Nathanil,MacDermid,nmacdermidij@amazon.com,Male,221.54.149.136
669,Ursulina,Pamment,upammentik@springer.com,Female,123.186.212.140
670,Sheilakathryn,Cawdery,scawderyil@lulu.com,Female,203.158.226.49
671,Dyna,Gilleson,dgillesonim@weibo.com,Female,10.178.141.126
672,Jessie,Freeberne,jfreebernein@aol.com,Female,48.206.107.73
673,Geneva,Nunn,gnunnio@dot.gov,Female,234.143.150.253
674,Lee,Mapowder,lmapowderip@china.com.cn,Male,91.52.141.231
675,Frankie,Trundler,ftrundleriq@hud.gov,Female,143.185.141.226
676,Anne-marie,Loraine,aloraineir@state.gov,Female,9.19.215.16
677,Cordula,Stenning,cstenningis@indiatimes.com,Female,20.36.114.149
678,Rickie,Osbaldeston,rosbaldestonit@free.fr,Male,193.6.87.39
679,Edgard,Rapper,erapperiu@goodreads.com,Male,179.136.255.42
680,Harrie,Aishford,haishfordiv@columbia.edu,Female,122.174.148.115
681,Cecilio,Charlet,ccharletiw@storify.com,Male,188.122.196.30
682,Gerri,Mullinder,gmullinderix@pcworld.com,Male,155.98.160.114
683,Sigismond,Bambridge,sbambridgeiy@merriam-webster.com,Genderfluid,26.109.0.145
684,Boycey,Defew,bdefewiz@kickstarter.com,Male,245.30.228.81
685,Nathanael,Aberkirder,naberkirderj0@intel.com,Male,32.237.233.4
686,Rosa,Hardcastle,rhardcastlej1@slideshare.net,Female,8.231.178.155
687,Emlen,Pomery,epomeryj2@hubpages.com,Male,123.250.222.60
688,Brigit,Delleschi,bdelleschij3@aol.com,Female,211.173.125.155
689,Torrence,Tootin,ttootinj4@mapy.cz,Male,23.87.154.57
690,Crichton,Mant,cmantj5@unblog.fr,Male,193.85.159.183
691,Giustina,Billett,gbillettj6@adobe.com,Agender,249.229.251.76
692,Obed,Creak,ocreakj7@xinhuanet.com,Male,57.84.169.106
693,Staford,Markey,smarkeyj8@youku.com,Male,120.96.81.143
694,Chaddy,Zanioletti,czaniolettij9@angelfire.com,Male,57.118.223.30
695,Orsa,Jane,ojaneja@purevolume.com,Female,113.62.65.138
696,Bowie,Casillis,bcasillisjb@g.co,Agender,219.170.230.101
697,Shermy,Franceschelli,sfranceschellijc@ustream.tv,Male,170.170.39.232
698,Bale,Matteoni,bmatteonijd@sakura.ne.jp,Male,215.207.195.167
699,Godiva,Cullingworth,gcullingworthje@cbc.ca,Female,8.227.252.68
700,Fraser,Learmount,flearmountjf@nymag.com,Male,4.86.116.108
701,Lacee,Carruth,lcarruthjg@blog.com,Female,174.99.120.233
702,Fanni,Maude,fmaudejh@hao123.com,Genderqueer,129.84.41.14
703,Nikos,Hundley,nhundleyji@drupal.org,Male,97.244.29.134
704,Vernon,Tiner,vtinerjj@ucla.edu,Male,174.165.5.98
705,Aleda,Gipps,agippsjk@51.la,Female,27.19.1.60
706,Ethelbert,Linden,elindenjl@umn.edu,Male,151.48.194.39
707,Jeramie,Glossop,jglossopjm@blogspot.com,Male,79.33.246.160
708,Rosalyn,Inglis,ringlisjn@trellian.com,Female,98.238.143.190
709,Terrell,Hilliam,thilliamjo@fda.gov,Male,142.98.223.103
710,Marguerite,Trobridge,mtrobridgejp@theglobeandmail.com,Female,3.217.140.201
711,Darius,Furness,dfurnessjq@tumblr.com,Male,158.254.177.139
712,Kellie,Guye,kguyejr@github.com,Agender,85.139.234.207
713,Dion,Janusik,djanusikjs@who.int,Male,49.243.79.51
714,Goddard,Ranfield,granfieldjt@google.nl,Male,206.23.43.65
715,Shaun,Yakolev,syakolevju@amazon.de,Female,19.180.89.230
716,Fonzie,Smallthwaite,fsmallthwaitejv@flavors.me,Male,146.69.204.61
717,Harley,Hurl,hhurljw@youku.com,Male,58.129.18.54
718,Deeyn,Brumby,dbrumbyjx@wikipedia.org,Female,120.229.169.97
719,Clementius,Mallya,cmallyajy@hp.com,Male,132.160.248.150
720,Charmian,McElroy,cmcelroyjz@mit.edu,Female,251.146.192.165
721,Jonie,Yersin,jyersink0@adobe.com,Female,142.23.27.188
722,Mozes,Eltone,meltonek1@ebay.co.uk,Male,221.63.58.114
723,Shannan,Kennler,skennlerk2@narod.ru,Male,40.46.68.231
724,Analise,Pigford,apigfordk3@answers.com,Genderqueer,196.90.65.231
725,Tammie,Wrightam,twrightamk4@nps.gov,Male,237.200.33.204
726,Adela,Schindler,aschindlerk5@addtoany.com,Female,0.51.94.101
727,Beverley,Byars,bbyarsk6@webnode.com,Female,135.190.103.197
728,Sandye,Bartoletti,sbartolettik7@washington.edu,Female,120.136.14.21
729,Alistair,Need,aneedk8@goo.gl,Male,168.133.19.126
730,Leroy,Agglio,laggliok9@so-net.ne.jp,Male,42.152.63.59
731,Ida,Claxton,iclaxtonka@list-manage.com,Female,205.105.253.36
732,Abby,Corrie,acorriekb@rambler.ru,Female,84.204.229.96
733,Ole,McLagain,omclagainkc@blinklist.com,Male,170.169.29.221
734,Christiane,Georger,cgeorgerkd@globo.com,Female,68.232.97.115
735,Sascha,O'Harney,soharneyke@delicious.com,Female,34.155.122.113
736,Rudolph,Tythacott,rtythacottkf@chicagotribune.com,Male,254.5.216.252
737,Bamby,Taplow,btaplowkg@gizmodo.com,Female,149.121.172.197
738,Marten,Sheasby,msheasbykh@independent.co.uk,Male,164.198.8.170
739,Jed,Davidovics,jdavidovicski@photobucket.com,Male,231.252.145.133
740,Sharyl,Sherrocks,ssherrockskj@moonfruit.com,Female,158.23.188.70
741,Renaud,Sambrook,rsambrookkk@gizmodo.com,Polygender,169.44.230.48
742,Drake,Oldland,doldlandkl@sphinn.com,Male,152.49.102.196
743,Hope,Rentz,hrentzkm@friendfeed.com,Female,29.64.5.91
744,Christy,Humpatch,chumpatchkn@go.com,Female,93.95.132.240
745,Byron,Carnson,bcarnsonko@admin.ch,Male,214.192.73.111
746,Arty,Creany,acreanykp@arstechnica.com,Male,85.94.18.193
747,Kimberlee,Rubenczyk,krubenczykkq@webnode.com,Female,17.216.40.139
748,Theda,Laurenz,tlaurenzkr@cyberchimps.com,Female,141.223.149.151
749,Constantina,Fasset,cfassetks@drupal.org,Female,199.58.7.253
750,Starla,Quantrell,squantrellkt@omniture.com,Female,108.9.44.177
751,Reilly,Ebi,rebiku@mapquest.com,Male,12.43.197.155
752,Tyne,Finch,tfinchkv@nba.com,Female,65.74.186.90
753,Liuka,Micklewright,lmicklewrightkw@wikipedia.org,Female,106.41.72.89
754,Chucho,Awdry,cawdrykx@canalblog.com,Male,112.158.236.81
755,Tommi,Roseman,trosemanky@chronoengine.com,Female,131.237.33.191
756,Craggie,Beslier,cbeslierkz@google.com,Male,110.196.86.150
757,Keefer,Pic,kpicl0@seesaa.net,Male,224.7.177.136
758,Loella,Repp,lreppl1@abc.net.au,Female,190.28.140.98
759,Jody,Kingescot,jkingescotl2@telegraph.co.uk,Male,33.204.56.137
760,Cello,Grafton-Herbert,cgraftonherbertl3@angelfire.com,Bigender,156.229.56.235
761,Gaspard,Barrasse,gbarrassel4@aboutads.info,Male,178.47.252.189
762,Sampson,Liptrot,sliptrotl5@sun.com,Male,240.183.70.248
763,Timmy,Kindley,tkindleyl6@mayoclinic.com,Male,224.242.195.230
764,Shaughn,Jouning,sjouningl7@goo.gl,Male,41.236.215.239
765,Sada,Etches,setchesl8@wordpress.org,Female,229.117.21.218
766,Jeni,Forten,jfortenl9@altervista.org,Female,240.90.3.26
767,Marsiella,Wimes,mwimesla@va.gov,Female,228.98.128.80
768,Sib,Pickle,spicklelb@desdev.cn,Female,158.218.90.101
769,Taite,Lilian,tlilianlc@elpais.com,Male,157.18.237.90
770,Elliott,Strut,estrutld@360.cn,Male,60.37.227.17
771,Travus,Bruhnsen,tbruhnsenle@friendfeed.com,Male,193.170.202.239
772,Francis,Chastaing,fchastainglf@japanpost.jp,Male,188.169.207.35
773,Lukas,Byfield,lbyfieldlg@sitemeter.com,Male,2.237.45.249
774,Shelby,Drinan,sdrinanlh@123-reg.co.uk,Male,50.213.219.21
775,Amata,Waggatt,awaggattli@imgur.com,Genderqueer,90.106.6.23
776,Reagan,Wrist,rwristlj@comcast.net,Male,50.188.134.160
777,Lynsey,Fulep,lfuleplk@va.gov,Female,78.40.135.184
778,Hanni,Robardey,hrobardeyll@opera.com,Bigender,207.180.64.42
779,Ignacius,Ramshaw,iramshawlm@51.la,Male,118.42.138.20
780,Halli,Lansdowne,hlansdowneln@sogou.com,Female,211.84.69.251
781,Christoph,Dunn,cdunnlo@goo.gl,Male,209.83.215.198
782,Joanie,Figgures,jfiggureslp@biglobe.ne.jp,Female,179.181.177.64
783,Aguste,Passingham,apassinghamlq@ycombinator.com,Male,203.147.132.161
784,Joly,Guerry,jguerrylr@uiuc.edu,Non-binary,166.134.192.31
785,Mick,Benton,mbentonls@addtoany.com,Male,84.71.49.109
786,Catherin,O'Doogan,codooganlt@comcast.net,Polygender,117.18.194.30
787,Niccolo,Tadlow,ntadlowlu@sakura.ne.jp,Male,101.244.104.231
788,Dillie,Wohlers,dwohlerslv@geocities.com,Polygender,132.37.208.55
789,Jamil,Stirtle,jstirtlelw@kickstarter.com,Male,178.173.12.26
790,Kala,Padula,kpadulalx@123-reg.co.uk,Female,48.99.128.236
791,Allyn,Sparkwill,asparkwillly@nhs.uk,Male,122.115.136.22
792,Johann,Browne,jbrownelz@jimdo.com,Male,134.157.164.14
793,Kaye,Gutowska,kgutowskam0@go.com,Female,33.12.68.105
794,Ellery,McEachern,emceachernm1@yelp.com,Male,60.156.60.162
795,Lana,Milam,lmilamm2@webmd.com,Female,153.49.142.240
796,Galina,Ickowicz,gickowiczm3@usnews.com,Female,139.126.173.26
797,Sileas,Lethem,slethemm4@gnu.org,Genderqueer,71.242.238.45
798,Erinn,Bilbrey,ebilbreym5@youku.com,Female,124.56.92.142
799,Dickie,Vasiliu,dvasilium6@squidoo.com,Male,119.199.235.93
800,Malorie,Hofer,mhoferm7@alexa.com,Female,36.167.143.28
801,Danyelle,McManamon,dmcmanamonm8@usatoday.com,Female,241.139.193.71
802,Leeland,Probin,lprobinm9@state.tx.us,Non-binary,238.227.131.236
803,Neils,Dessaur,ndessaurma@cisco.com,Male,137.26.180.91
804,Melody,Perton,mpertonmb@ihg.com,Female,1.188.159.95
805,Corina,Garza,cgarzamc@elegantthemes.com,Bigender,22.47.109.37
806,Wilfrid,Kilfoyle,wkilfoylemd@tamu.edu,Male,201.77.241.142
807,Dodi,Shearsby,dshearsbyme@yandex.ru,Female,85.71.60.55
808,Stacee,Stango,sstangomf@liveinternet.ru,Polygender,22.197.175.247
809,Meghan,Kittle,mkittlemg@intel.com,Female,50.1.198.72
810,Lauree,Kybird,lkybirdmh@ask.com,Female,243.100.47.163
811,Kain,Serfati,kserfatimi@multiply.com,Genderqueer,84.27.223.159
812,Bertie,Butts,bbuttsmj@newsvine.com,Male,252.252.104.105
813,Rudiger,McCafferty,rmccaffertymk@upenn.edu,Male,52.17.54.73
814,Boote,McClifferty,bmccliffertyml@is.gd,Male,245.112.75.238
815,Allyn,Anstie,aanstiemm@prnewswire.com,Male,234.48.35.250
816,Grenville,Graeber,ggraebermn@com.com,Male,48.120.8.221
817,Bethany,Gurko,bgurkomo@msu.edu,Female,196.106.86.210
818,Rice,Hiddsley,rhiddsleymp@usda.gov,Agender,232.225.247.254
819,Jamil,Scrivinor,jscrivinormq@hao123.com,Male,92.245.155.112
820,Blinny,Auld,bauldmr@prweb.com,Female,183.21.10.44
821,Mable,Knibbs,mknibbsms@ftc.gov,Female,94.151.23.168
822,Tann,Botly,tbotlymt@mit.edu,Bigender,183.102.173.106
823,Margo,Gibbings,mgibbingsmu@businessweek.com,Genderqueer,216.3.16.119
824,Joete,Denver,jdenvermv@indiegogo.com,Polygender,112.172.101.123
825,Reagen,Trusse,rtrussemw@accuweather.com,Male,48.21.148.77
826,Fielding,Pickin,fpickinmx@usnews.com,Male,71.38.44.242
827,Marji,Gordon,mgordonmy@alibaba.com,Female,109.149.171.88
828,Sloane,Maskall,smaskallmz@home.pl,Male,136.164.241.179
829,Clotilda,Spain,cspainn0@accuweather.com,Female,226.61.117.193
830,Tim,Heaps,theapsn1@opensource.org,Female,20.104.208.174
831,Vanessa,Bygraves,vbygravesn2@ca.gov,Female,86.38.106.244
832,Rozalie,Bynert,rbynertn3@foxnews.com,Female,26.81.155.182
833,Luci,Ough,loughn4@phoca.cz,Female,115.72.7.28
834,Courtnay,Bridgewood,cbridgewoodn5@google.com.br,Female,55.255.18.11
835,Helli,Jakoub,hjakoubn6@amazon.de,Female,232.249.151.23
836,Bern,Hugonneau,bhugonneaun7@mashable.com,Male,43.226.110.138
837,Aurea,Matusevich,amatusevichn8@naver.com,Female,54.141.175.171
838,Penrod,Richford,prichfordn9@mozilla.com,Male,248.82.114.51
839,Avivah,Swithenby,aswithenbyna@vimeo.com,Female,247.77.66.240
840,Griffith,Layfield,glayfieldnb@webnode.com,Male,109.182.156.96
841,Debby,Erie,derienc@squidoo.com,Female,208.62.185.34
842,Earvin,Dilnot,edilnotnd@wp.com,Male,37.231.201.41
843,Cly,Credland,ccredlandne@reddit.com,Male,150.255.165.182
844,Rollin,Tanser,rtansernf@tinypic.com,Male,153.45.118.195
845,Benita,Summerlee,bsummerleeng@loc.gov,Female,205.225.103.176
846,Frankie,Sheryn,fsherynnh@nhs.uk,Agender,114.151.80.222
847,Lillian,Culverhouse,lculverhouseni@networksolutions.com,Female,206.76.120.231
848,Kelley,Wassung,kwassungnj@cnbc.com,Female,159.4.154.203
849,Des,Collisson,dcollissonnk@stanford.edu,Male,217.127.29.9
850,Paul,Bracknell,pbracknellnl@dailymail.co.uk,Male,6.165.255.183
851,Gian,Clever,gclevernm@elpais.com,Male,232.8.238.105
852,Isador,Moreno,imorenonn@google.nl,Bigender,251.104.3.121
853,Alyse,Corringham,acorringhamno@wp.com,Female,173.234.34.88
854,Dun,Biagioni,dbiagioninp@i2i.jp,Male,98.176.15.158
855,Marieann,Lamshead,mlamsheadnq@hostgator.com,Female,135.133.122.92
856,Zita,Eustis,zeustisnr@tamu.edu,Female,96.121.17.131
857,Dorothea,Laurenceau,dlaurenceauns@ycombinator.com,Female,172.152.175.79
858,Esra,Spyvye,espyvyent@oaic.gov.au,Male,168.157.250.91
859,Bran,Instock,binstocknu@nih.gov,Male,200.134.204.27
860,Marilyn,Firk,mfirknv@accuweather.com,Female,94.137.179.144
861,Danyelle,De Cleen,ddecleennw@youtu.be,Female,153.215.96.44
862,Car,Bernardy,cbernardynx@tuttocitta.it,Male,103.59.155.182
863,Mureil,Flockhart,mflockhartny@abc.net.au,Female,15.206.40.0
864,Bald,Newark,bnewarknz@chronoengine.com,Male,120.5.165.43
865,Arty,Dodding,adoddingo0@skype.com,Male,24.111.153.11
866,Web,Sammon,wsammono1@ameblo.jp,Male,52.157.187.200
867,Tildie,Maleney,tmaleneyo2@flickr.com,Female,26.27.253.33
868,Olvan,Deners,odenerso3@soup.io,Male,1.54.165.117
869,Lizabeth,Geale,lgealeo4@howstuffworks.com,Female,150.212.233.227
870,Katlin,Martinson,kmartinsono5@usnews.com,Female,1.198.63.205
871,Lois,Baish,lbaisho6@google.ru,Female,6.186.53.176
872,Ode,Baud,obaudo7@bloglovin.com,Male,21.253.213.183
873,Jarrad,Broy,jbroyo8@hatena.ne.jp,Male,13.47.23.121
874,Guglielmo,Bree,gbreeo9@addtoany.com,Male,232.139.170.224
875,Hobart,Zanicchi,hzanicchioa@usda.gov,Male,49.195.19.126
876,Calley,McPeck,cmcpeckob@bizjournals.com,Genderqueer,15.113.103.115
877,Sherlocke,Dedrick,sdedrickoc@yale.edu,Male,109.186.126.164
878,Lynn,Whitters,lwhittersod@people.com.cn,Male,255.222.6.180
879,Alysia,Ahmed,aahmedoe@slashdot.org,Female,172.208.135.28
880,Nikolia,Roxby,nroxbyof@live.com,Female,20.149.35.104
881,Vick,Issac,vissacog@ocn.ne.jp,Male,254.5.209.14
882,Bendite,Tenny,btennyoh@hibu.com,Female,51.173.199.50
883,Janella,Freyne,jfreyneoi@weebly.com,Female,29.239.50.34
884,Ellswerth,Bendixen,ebendixenoj@independent.co.uk,Genderfluid,228.234.7.80
885,Dov,Bowlesworth,dbowlesworthok@booking.com,Male,125.53.200.56
886,Anabelle,Slinger,aslingerol@free.fr,Female,155.208.169.70
887,Wolfgang,Basindale,wbasindaleom@51.la,Male,85.68.228.134
888,Yvonne,Bonsul,ybonsulon@pcworld.com,Female,199.138.86.202
889,Neal,Soane,nsoaneoo@google.it,Genderqueer,82.178.40.104
890,Twyla,Perdue,tperdueop@dion.ne.jp,Female,237.196.240.137
891,Nathalie,Cronk,ncronkoq@irs.gov,Female,211.244.0.83
892,Timmi,Sleightholme,tsleightholmeor@huffingtonpost.com,Non-binary,77.4.221.16
893,Vernor,Marvelley,vmarvelleyos@goo.ne.jp,Male,237.32.65.43
894,Adrianna,Finder,afinderot@domainmarket.com,Female,177.107.200.114
895,Isabelita,Copnall,icopnallou@reuters.com,Female,62.163.139.164
896,Nikola,Daughtery,ndaughteryov@bandcamp.com,Male,72.149.177.4
897,Brynn,Fittall,bfittallow@discovery.com,Female,136.171.191.19
898,Tammi,Roxbrough,troxbroughox@ft.com,Female,128.65.207.158
899,Jamey,Dunks,jdunksoy@ehow.com,Male,230.224.23.26
900,Harper,Southcomb,hsouthcomboz@feedburner.com,Male,149.132.39.159
901,Reilly,Amoss,ramossp0@pcworld.com,Male,91.104.175.57
902,Jammie,Tiltman,jtiltmanp1@google.com.hk,Female,152.197.189.158
903,Bertie,MacGowing,bmacgowingp2@pagesperso-orange.fr,Male,59.201.95.86
904,Vin,Unwins,vunwinsp3@lulu.com,Male,52.60.146.28
905,Dedie,Wince,dwincep4@tinyurl.com,Female,194.181.17.42
906,Shela,Rolfs,srolfsp5@com.com,Female,9.34.184.5
907,Meier,Goodee,mgoodeep6@paypal.com,Male,134.190.146.195
908,Saxe,Jellyman,sjellymanp7@baidu.com,Male,118.94.8.38
909,Angie,Burgoin,aburgoinp8@google.ru,Male,181.228.204.119
910,Harold,Bwy,hbwyp9@meetup.com,Male,62.243.244.100
911,Hattie,O'Towey,hotoweypa@blogger.com,Female,26.178.155.117
912,Cristie,Schwandner,cschwandnerpb@zimbio.com,Agender,31.205.205.7
913,Whitney,Tuck,wtuckpc@shinystat.com,Male,115.21.61.207
914,Linn,Westgarth,lwestgarthpd@netscape.com,Female,213.208.57.93
915,Audre,Fallow,afallowpe@jimdo.com,Female,198.178.134.151
916,Colan,Ortes,cortespf@live.com,Male,17.81.8.145
917,Alma,Vivash,avivashpg@mysql.com,Agender,75.198.125.204
918,Bar,Fairney,bfairneyph@nih.gov,Male,18.212.238.159
919,Haydon,Palethorpe,hpalethorpepi@mit.edu,Male,52.253.79.155
920,Loy,Rembaud,lrembaudpj@moonfruit.com,Male,120.6.154.80
921,Eda,Brinsden,ebrinsdenpk@eepurl.com,Female,105.125.194.53
922,Granger,Brandon,gbrandonpl@naver.com,Male,202.186.156.161
923,Joshua,Kelner,jkelnerpm@europa.eu,Male,116.129.137.204
924,Laurie,Gosart,lgosartpn@tiny.cc,Female,166.198.4.6
925,Bernadette,Meachem,bmeachempo@netscape.com,Female,230.147.103.131
926,Melisa,Upston,mupstonpp@is.gd,Female,41.193.70.217
927,Jeniffer,Slader,jsladerpq@ovh.net,Female,212.210.16.78
928,Shanie,Smoote,ssmootepr@marketwatch.com,Female,225.194.101.222
929,Roz,Bolt,rboltps@blogger.com,Female,207.176.36.255
930,Coralyn,Dibsdale,cdibsdalept@baidu.com,Female,165.29.69.20
931,Sibilla,Heyburn,sheyburnpu@pen.io,Female,10.12.126.168
932,Dennis,Tant,dtantpv@1und1.de,Male,89.153.111.77
933,Craig,MacClay,cmacclaypw@ted.com,Genderqueer,79.115.122.199
934,Johan,McCray,jmccraypx@jigsy.com,Male,38.127.252.194
935,Carma,Thackham,cthackhampy@telegraph.co.uk,Female,110.156.17.131
936,Micki,Spadollini,mspadollinipz@chron.com,Genderqueer,226.226.210.75
937,Kimmie,Behnke,kbehnkeq0@nature.com,Female,44.242.204.163
938,Minna,Adamiec,madamiecq1@adobe.com,Female,139.101.206.129
939,Craig,Eliet,celietq2@yolasite.com,Bigender,174.209.124.11
940,Dannye,Hay,dhayq3@squarespace.com,Female,137.68.111.77
941,Lynde,Currall,lcurrallq4@hud.gov,Female,29.80.98.204
942,Ibrahim,Heynel,iheynelq5@ucsd.edu,Male,252.15.115.87
943,Archibald,Thickpenny,athickpennyq6@ftc.gov,Male,3.195.53.118
944,Hew,Hiddsley,hhiddsleyq7@elegantthemes.com,Male,82.221.31.158
945,Magda,Pie,mpieq8@sbwire.com,Female,238.155.126.192
946,Horatio,Reedy,hreedyq9@buzzfeed.com,Male,240.143.18.183
947,Marielle,Elldred,melldredqa@spiegel.de,Female,202.134.209.74
948,Gigi,Pendrey,gpendreyqb@w3.org,Female,245.164.105.106
949,Liane,Broadist,lbroadistqc@hhs.gov,Female,52.55.43.62
950,Jammal,Albertson,jalbertsonqd@intel.com,Male,170.193.188.40
951,Mallory,Villaron,mvillaronqe@guardian.co.uk,Male,0.4.47.72
952,Codie,Gerrels,cgerrelsqf@unesco.org,Female,155.216.26.238
953,Charo,Hedger,chedgerqg@skype.com,Female,215.246.31.42
954,Cammy,Harlin,charlinqh@forbes.com,Genderfluid,77.170.162.161
955,Alena,Sewards,asewardsqi@apple.com,Agender,59.232.14.84
956,Korie,Peppett,kpeppettqj@epa.gov,Female,71.142.94.18
957,Torey,Kays,tkaysqk@yahoo.co.jp,Male,39.181.228.186
958,Dilan,O'Shavlan,doshavlanql@ask.com,Male,213.161.190.110
959,Daven,Dael,ddaelqm@prweb.com,Male,105.117.63.46
960,Zebadiah,Dorrell,zdorrellqn@cnbc.com,Male,242.79.79.150
961,Myrle,Caulwell,mcaulwellqo@stumbleupon.com,Female,171.62.223.108
962,Geordie,Sivill,gsivillqp@slashdot.org,Male,218.222.73.85
963,Susette,Kenyam,skenyamqq@fastcompany.com,Female,135.49.22.195
964,Iggy,Pellington,ipellingtonqr@weebly.com,Male,144.178.136.12
965,Amalita,Ditt,adittqs@homestead.com,Female,126.81.136.220
966,Maybelle,Sallinger,msallingerqt@washington.edu,Female,221.165.79.60
967,Sena,Keith,skeithqu@etsy.com,Female,186.81.136.36
968,Colman,Francino,cfrancinoqv@home.pl,Male,188.143.192.57
969,Brod,Cupper,bcupperqw@cdbaby.com,Male,208.149.49.87
970,Loria,Khidr,lkhidrqx@1und1.de,Female,12.78.182.118
971,Court,Souley,csouleyqy@sina.com.cn,Male,54.222.250.166
972,Merv,Finlow,mfinlowqz@eepurl.com,Male,121.31.178.47
973,Ramona,Dewire,rdewirer0@comcast.net,Female,107.188.0.98
974,Bev,Cleugh,bcleughr1@cbslocal.com,Male,115.175.127.204
975,Adi,Helversen,ahelversenr2@marriott.com,Female,138.138.0.247
976,Marve,Durker,mdurkerr3@goo.gl,Male,170.167.239.8
977,Hermina,Roskell,hroskellr4@arstechnica.com,Female,138.51.224.242
978,Niels,Skala,nskalar5@dropbox.com,Male,244.8.194.8
979,Dunstan,McPhilemy,dmcphilemyr6@umich.edu,Male,59.212.38.238
980,Arvin,Cartan,acartanr7@xrea.com,Male,93.82.71.24
981,Blisse,Boldecke,bboldecker8@facebook.com,Female,24.121.222.55
982,Breanne,Spera,bsperar9@eventbrite.com,Female,48.34.140.218
983,Mikol,Ruggen,mruggenra@noaa.gov,Male,218.35.48.107
984,Tan,Shellsheere,tshellsheererb@hud.gov,Male,167.31.195.212
985,Adrianne,Eardley,aeardleyrc@jalbum.net,Female,63.94.177.168
986,Bea,Webermann,bwebermannrd@naver.com,Female,46.244.65.221
987,Franky,Wilflinger,fwilflingerre@cloudflare.com,Female,207.153.145.121
988,Bradford,Margarson,bmargarsonrf@tmall.com,Male,66.110.118.249
989,Lelah,Trevino,ltrevinorg@nymag.com,Female,115.240.75.118
990,Sherman,Sexcey,ssexceyrh@meetup.com,Male,134.140.53.2
991,Royal,Merryman,rmerrymanri@cbslocal.com,Male,154.104.201.113
992,Paulina,Dipple,pdipplerj@washington.edu,Female,85.16.89.117
993,Hatti,Yerby,hyerbyrk@cnn.com,Female,162.223.238.203
994,Fawne,Mence,fmencerl@opensource.org,Female,86.163.254.41
995,Tabbie,Serman,tsermanrm@sakura.ne.jp,Polygender,73.129.62.27
996,Luca,Van Zon,lvanzonrn@barnesandnoble.com,Male,143.166.30.178
997,Davon,Witt,dwittro@google.co.jp,Male,155.64.15.9
998,Rochell,Degnen,rdegnenrp@archive.org,Agender,236.179.200.84
999,Ellwood,Peverell,epeverellrq@behance.net,Male,188.123.7.111
1000,Ringo,Dupree,rdupreerr@ehow.com,Male,223.252.84.49
